Comment,Designator,Footprint,LCSC
SW_DIP_x01,SW1,SW_Push_1TS009xxxx-xxxx-xxxx_6x6x5mm,
1M,R3,R_0805_2012Metric,
100k,R4,R_0805_2012Metric,
22u,C8,C_0805_2012Metric,
ATSAMD21G18A-A,U2,TQFP-48_7x7mm_P0.5mm,
TXU0101DBVR,IC7,TXU0101DBVR,
3u3,L1,L_0805_2012Metric,
100n,C6,C_0805_2012Metric,
100n,C9,C_0805_2012Metric,
TXU0101DBVR,IC8,TXU0101DBVR,
100n,C5,C_0805_2012Metric,
10u,C3,C_0805_2012Metric,
158k,R6,R_0805_2012Metric,
MOLEX POWER CONNECTOR,J6,455580003,
D_Zener,D2,D_0805_2012Metric,
~,D3,D_0805_2012Metric,
Fan,J3,470531000,
USB_A,J7,USB_A_Molex_67643_Horizontal,
L293DD,IC9,SOIC127P1032X265-20N,
33p,C7,C_0805_2012Metric,
TXU0101DBVR,IC1,TXU0101DBVR,
~,D4,D_0805_2012Metric,
30k,R7,R_0805_2012Metric,
11k3,R5,R_0805_2012Metric,
C,C1,C_0805_2012Metric,
~,D5,D_0805_2012Metric,
4.5nF,C2,C_0805_2012Metric,
Pump,J2,470531000,
330,R1,R_0805_2012Metric,
TPS562242DRLR,IC10,MSOP-10_3x3mm_P0.5mm,
10k,R2,R_0805_2012Metric,
10u,C4,C_0805_2012Metric,
TXU0101DBVR,IC6,TXU0101DBVR,
Valve,J4,470531000,
TXU0101DBVR,IC3,TXU0101DBVR,
~,D1,D_0805_2012Metric,
TXU0101DBVR,IC5,TXU0101DBVR,
TXU0101DBVR,IC2,TXU0101DBVR,
TXU0101DBVR,IC4,TXU0101DBVR,
